actual_values,y_test_predict
150,214.2464079408474
180,167.53743582186104
142,202.79213661231927
35,90.37581612116543
40,67.25877038577629
215,55.42440323720275
58,54.693573591166505
109,162.3030176956491
500,223.77532596591624
150,154.60232194877096
85,162.1033866863554
123,182.43308889168316
55,11.762031641347306
110,202.7028901444591
75,106.23659118905022
110,186.47133973771236
100,97.05695541746768
60,14.744028395836438
133,134.920427254447
150,179.76797403369892
